{
  "executionId": "boletosencillov2_2025-11-10_16-12-43_5f30f4ef",
  "tipoBoleto": "sencillo",
  "startTime": "2025-11-10T22:12:52.422Z",
  "screenshots": [
    {
      "filename": "001_01-origen-completado.png",
      "step": "01-origen-completado",
      "timestamp": "2025-11-10T22:13:01.432Z",
      "type": "step"
    },
    {
      "filename": "002_02-pantalla1-completa.png",
      "step": "02-pantalla1-completa",
      "timestamp": "2025-11-10T22:13:12.311Z",
      "type": "step"
    },
    {
      "filename": "003_03-corrida-seleccionada.png",
      "step": "03-corrida-seleccionada",
      "timestamp": "2025-11-10T22:13:23.341Z",
      "type": "step"
    },
    {
      "filename": "004_04-datos-pasajero-completados.png",
      "step": "04-datos-pasajero-completados",
      "timestamp": "2025-11-10T22:13:31.549Z",
      "type": "step"
    },
    {
      "filename": "error_error-critico-final_22-13-46.png",
      "step": "error-critico-final",
      "timestamp": "2025-11-10T22:13:46.710Z",
      "type": "error"
    },
    {
      "filename": "final_error.png",
      "step": "Final",
      "timestamp": "2025-11-10T22:13:46.829Z",
      "type": "final"
    }
  ],
  "error": {
    "message": "page.waitForURL: Timeout 15000ms exceeded.\n=========================== logs ===========================\nwaiting for navigation until \"load\"\n============================================================",
    "step": "error-critico-final",
    "timestamp": "2025-11-10T22:13:46.710Z"
  },
  "endTime": "2025-11-10T22:13:46.829Z",
  "status": "error"
}