{
  "chromePath": "C:\\Program Files (x86)\\Microsoft\\Edge\\Application\\msedge.exe",
  "url": "https://estrellarojadev-afa47.web.app/",
  "browser": {
    "headless": false,
    "viewport": { "width": 1600, "height": 1200 }
  },
  "search": {
    "origin": "Tapo",
    "destination": "Capu",
    "date": { "type": "offset", "days": 5 },
    "ventaAnticipada": true
  },
  "passenger": {
    "name": "Tu Nombre",
    "lastnames": "Tus Apellidos",
    "email": "tu-email@ejemplo.com",
    "phone": "1234567890"
  },
  "payment": {
    "cardNumber": "1234567890123456",
    "holder": "NOMBRE EN TARJETA",
    "expiry": "MM/AAAA",
    "cvv": "123"
  },
  "login": {
    "enabled": false,
    "email": "tu-email@ejemplo.com",
    "password": "tu-contraseña"
  }
}
