{
  "executionId": "boletosencillov2_2025-11-10_16-17-59_ef3bc4d3",
  "tipoBoleto": "sencillo",
  "startTime": "2025-11-10T22:25:52.154Z",
  "screenshots": [
    {
      "filename": "001_01-origen-completado.png",
      "step": "01-origen-completado",
      "timestamp": "2025-11-10T22:26:00.996Z",
      "type": "step"
    },
    {
      "filename": "002_02-pantalla1-completa.png",
      "step": "02-pantalla1-completa",
      "timestamp": "2025-11-10T22:26:11.926Z",
      "type": "step"
    },
    {
      "filename": "003_03-corrida-seleccionada.png",
      "step": "03-corrida-seleccionada",
      "timestamp": "2025-11-10T22:26:23.027Z",
      "type": "step"
    },
    {
      "filename": "004_04-datos-pasajero-completados.png",
      "step": "04-datos-pasajero-completados",
      "timestamp": "2025-11-10T22:26:30.559Z",
      "type": "step"
    },
    {
      "filename": "005_05-formulario-pago-completado.png",
      "step": "05-formulario-pago-completado",
      "timestamp": "2025-11-10T22:26:59.477Z",
      "type": "step"
    },
    {
      "filename": "006_pago-en-proceso.png",
      "step": "pago-en-proceso",
      "timestamp": "2025-11-10T22:27:21.142Z",
      "type": "step"
    },
    {
      "filename": "final_success.png",
      "step": "Final",
      "timestamp": "2025-11-10T22:27:21.262Z",
      "type": "final"
    }
  ],
  "endTime": "2025-11-10T22:27:21.262Z",
  "status": "success"
}